hsk_level,hanzi,pinyin,meaning
5,哎,āi,hey!; (interjection of surprise or dissatisfaction)
5,唉,ài,(an exclamation indicating resignation); oh well; oh
5,爱护,àihù,cherish; reassure; take good care of
5,爱惜,àixī,cherish; treasure; use sparingly
5,爱心,àixīn,compassion
5,安慰,ānwèi,to comfort; to console
5,安装,ānzhuāng,install; erect; to fix
5,岸,àn,bank; shore; beach
5,暗,àn,dark; gloomy; hidden
5,熬夜,áoyè,stay up very late or all night
5,把握,bǎwò,grasp; hold; certainty
5,摆,bǎi,to put (on); arrange; to sway
5,办理,bànlǐ,to handle; to transact; to conduct
5,傍晚,bàngwǎn,in the evening; when night falls
5,包裹,bāoguǒ,wrap up; bind up; package
5,包含,bāohán,contain; embody; include
5,包括,bāokuò,comprise; include; consist of
5,薄,báo,thin; flimsy; weak (first two pronunciations)
5,宝贝,bǎobèi,treasure; precious things; darling
5,宝贵,bǎoguì,valuable; precious; value
5,保持,bǎochí,to keep; maintain; to hold
5,保存,bǎocún,"conserve; preserve; to keep, to save a file in a computer"
5,保留,bǎoliú,to reserve; hold back; retain
5,保险,bǎoxiǎn,insurance; insure; safe
5,报到,bàodào,report for duty; to check in; register
5,报道,bàodào,to report; news report
5,报告,bàogào,to report; make known; inform
5,报社,bàoshè,newspaper office
5,抱怨,bàoyuàn,complain; grumble
5,背,bēi,carry on one's back; to bear
5,悲观,bēiguān,pessimistic
5,背景,bèijǐng,background
5,被子,bèizi,quilt; blanket
5,本科,běnkē,undergraduate
5,本领,běnlǐng,skill; ability; capability
5,本质,běnzhì,essence; nature; innate character
5,比例,bǐlì,proportion; scale
5,彼此,bǐcǐ,each other; one another
5,必然,bìrán,inevitable; certain; necessary
5,必要,bìyào,necessary; essential; indispensable
5,毕竟,bìjìng,after all; overall; when all is said and done
5,避免,bìmiǎn,avoid; avert; prevent
5,编辑,biānjí,to edit; compile; editor
5,鞭炮,biānpào,firecracker; a long string of small firecrackers
5,便,"biàn, pián",plain; convenient; excretion
5,辩论,biànlùn,argue; debate; argue over
5,标点,biāodiǎn,punctuation; punctuation mark; punctuate
5,标志,biāozhì,sign; mark; signal
5,表达,biǎodá,to express; to voice; convey
5,表面,biǎomiàn,surface; outside; face
5,表明,biǎomíng,make clear; make known
5,表情,biǎoqíng,(facial) expression; express one's feelings
5,表现,biǎoxiàn,to show; to show off; display
5,冰激凌,bīngjīlíng,ice cream
5,病毒,bìngdú,virus
5,玻璃,bōli,glass; nylon; plastic
5,播放,bōfàng,broadcast; transmit
5,脖子,bózi,neck
5,博物馆,bówùguǎn,museum
5,补充,bǔchōng,replenish; to supplement; to complement
5,不安,bù'ān,uneasy; unstable; disturbed
5,不得了,bùdéliǎo,extremely; very; terribly
5,不断,búduàn,unceasing; uninterrupted; continuously
5,不见得,bújiàndé,not necessarily; not likely
5,不耐烦,búnàifán,impatience; impatient
5,不然,bùrán,otherwise; not so
5,不如,bùrú,not as good as; inferior to
5,不要紧,bú yàojǐn,unimportant; not serious; it doesn't matter
5,不足,bùzú,insufficient; not enough
5,布,bù,cloth; announce; to spread
5,步骤,bùzhòu,step; move; measure
5,部门,bùmén,department; branch; section
5,财产,cáichǎn,property; fortune
5,采访,cǎifǎng,interview; gather news; hunt for and collect
5,采取,cǎiqǔ,"carry out or adopt; take(measures, policies, attitudes, etc.)"
5,彩虹,cǎihóng,rainbow
5,踩,cǎi,step upon; to tread; to stamp
5,参考,cānkǎo,reference; consult
5,参与,cānyù,participate (in sth.); attach oneself to
5,惭愧,cánkuì,ashamed
5,操场,cāochǎng,playground; sports field
5,操心,cāo xīn,worry about
5,册,cè,book; (mw for books)
5,测验,cèyàn,test; exam; to test
5,曾经,céngjīng,once; (refers to something that happened previously)
5,叉子,chāzi,fork; cross
5,差距,chājù,disparity; gap; the difference (in distance
5,插,chā,to insert; stick in; pierce
5,拆,chāi,unravel; to tear; demolish
5,产品,chǎnpǐn,product; goods; merchandise
5,产生,chǎnshēng,to produce; emerge; to cause
5,长途,chángtú,long distance
5,常识,chángshí,common sense; general knowledge
5,抄,chāo,to copy; plagiarize; search and confiscate
5,超级,chāojí,super; transcending; high grade
5,朝,cháo,to face; towards; dynasty
5,潮湿,cháoshī,damp; moist; humid
5,吵,chǎo,to quarrel; make noise
5,吵架,chǎo jià,to quarrel; to squabble; bicker
5,炒,chǎo,to stir-fry; saute
5,车库,chēkù,garage
5,车厢,chēxiāng,carriage; railroad car
5,彻底,chèdǐ,thorough; complete; completely
5,沉默,chénmò,silent; uncommunicative
5,趁,chèn,avail oneself of; take advantage of (an opportunity or situation)
5,称,chēng,weigh; to call; be called
5,称呼,chēnghu,to call; address as; name
5,称赞,chēngzàn,to praise; to acclaim
5,成分,chéngfèn,ingredient; composition
5,成果,chéngguǒ,result; achievement; gain
5,成就,chéngjiù,accomplishment; achievement; success
5,成立,chénglì,establish; to set up
5,成人,chéngrén,adult; to grow up; become full-grown
5,成熟,chéngshú,mature; ripe
5,成语,chéngyǔ,idiom; proverb
5,成长,chéngzhǎng,to mature; grow up
5,诚恳,chéngkěn,honest; sincere
5,承担,chéngdān,undertake; assume (responsibility)
5,承认,chéngrèn,to admit; concede; acknowledge
5,承受,chéngshòu,to bear; support; endure
5,程度,chéngdù,degree; extent; level
5,程序,chéngxù,procedure; sequence; program
5,吃亏,chīkuī,suffer losses; get the worst of
5,池塘,chítáng,pool; pond
5,迟早,chízǎo,sooner or later
5,持续,chíxù,continue; persist
5,尺子,chǐzi,ruler (measuring instrument)
5,翅膀,chìbǎng,wing
5,冲,chōng,to rush; to clash; to rinse
5,充电器,chōngdiànqì,battery charger
5,充分,chōngfèn,full; abundant; ample
5,充满,chōngmǎn,brimming with; very full
5,重复,chóngfù,to repeat; to duplicate
5,宠物,chǒngwù,a pet
5,抽屉,chōuti,drawer
5,抽象,chōuxiàng,abstract; abstraction
5,丑,chǒu,ugly; disgraceful (2nd Earthly Branch)
5,臭,chòu,stench; stink
5,出版,chūbǎn,publish
5,出口,chūkǒu,exit; speak; export
5,出色,chūsè,remarkable; outstanding; excellent
5,出示,chūshì,to show
5,出席,chūxí,attend; be present; participate
5,初级,chūjí,junior; primary
5,除非,chúfēi,only if; unless
5,除夕,chúxī,Lunar New Year's Eve
5,处理,chǔlǐ,deal with; to process; sell at a discount
5,传播,chuánbō,propagate; to spread
5,传染,chuánrǎn,infect; be contagious
5,传说,chuánshuō,it is said; legend; pass on (a story)
5,传统,chuántǒng,tradition; traditional
5,窗帘,chuānglián,window curtain
5,闯,chuǎng,rush; break through; to temper oneself (by battling difficulties)
5,创造,chuàngzào,create; bring about; creativity
5,吹,chuī,to blow; to blast; to puff
5,词汇,cíhuì,vocabulary
5,辞职,cízhí,resign from a position
5,此外,cǐwài,besides; in addition; moreover
5,次要,cìyào,secondary; less important
5,刺激,cìjī,exciting; provoke; irritate
5,匆忙,cōngmáng,hasty; hurried
5,从此,cóngcǐ,from now on; since then
5,从而,cóng'ér,thus; thereby; as a result
5,从前,cóngqián,previously; formerly; in the past
5,从事,cóngshì,go for; engage in; deal with
5,粗糙,cūcāo,coarse
5,促进,cùjìn,promote (an idea or cause); to advance
5,促使,cùshǐ,to urge; impel; to cause
5,醋,cù,vinegar
5,催,cuī,to press; to urge; to hurry
5,存在,cúnzài,to exist; to be
5,措施,cuòshī,measure; step (to be taken)
5,答应,dāying,to respond; to promise; to answer
5,达到,dá dào,achieve; attain; to reach
5,打工,dǎgōng,work a part time job; (regional) do manual labor; do odd jobs
5,打交道,dǎ jiāodao,come into contact with; to deal with
5,打喷嚏,dǎpēntì,to sneeze
5,打听,dǎting,ask about; inquire about
5,大方,dàfang,generous; poise; (-fang1: expert
5,大厦,dàshà,large building; edifice; mansion
5,大象,dàxiàng,elephant
5,大型,dàxíng,large-scale; wide-scale
5,呆,dāi,stupid; foolish; blank
5,代表,dàibiǎo,represent; to delegate
5,代替,dàitì,to replace
5,贷款,dài kuǎn,(bank) loan; provide a loan
5,待遇,dàiyù,treatment; pay; wage
5,担任,dānrèn,hold the post of; serve as
5,单纯,dānchún,simple; pure; merely
5,单调,dāndiào,monotonous; dull
5,单独,dāndú,alone
5,单位,dānwèi,unit; work unit
5,单元,dānyuán,unit; entrance number; staircase (for residential buildings)
5,耽误,dānwu,to delay; waste time
5,胆小鬼,dǎnxiǎoguǐ,coward
5,淡,dàn,diluted; weak; thin
5,当地,dāngdì,local
5,当心,dāngxīn,take care; watch out
5,挡,dǎng,to block; hinder; gear
5,导演,dǎoyǎn,to direct; director
5,导致,dǎozhì,lead to; bring about; to cause
5,岛屿,dǎoyǔ,islands
5,倒霉,dǎoméi,have bad luck; be out of luck
5,到达,dàodá,to reach; arrive
5,道德,dàodé,morals; morality; ethics
5,道理,dàolǐ,reason; sense; argument
5,登记,dēngjì,register (one's name); check in; enroll
5,等待,děngdài,to wait (for); expect
5,等于,děngyú,(Mathematics) equal to
5,滴,dī,to drip; drop; (mw for drops of liquid)
5,的确,díquè,really; indeed
5,敌人,dírén,enemy
5,地道,dìdao,authentic; genuine; (-dào: tunnel)
5,地理,dìlǐ,geography
5,地区,dìqū,an area; a region; a district
5,地毯,dìtǎn,carpet; rug
5,地位,dìwèi,position; status
5,地震,dìzhèn,earthquake
5,递,dì,hand over; to pass; to give
5,点心,diǎnxin,dim sum; light refreshments; snacks
5,电池,diànchí,battery
5,电台,diàntái,transceiver; broadcasting station
5,钓,diào,to fish
5,顶,dǐng,top; roof; carry on one's head
5,动画片,dònghuàpiàn,animated film
5,冻,dòng,to freeze
5,洞,dòng,cave; hole
5,豆腐,dòufu,tofu; bean curd
5,逗,dòu,to tease; amuse; to stay
5,独立,dúlì,independent
5,独特,dútè,unique; distinctive
5,度过,dùguò,spend; to pass
5,断,duàn,to break; decide; absolutely (usually negative)
5,堆,duī,pile; heap; stack
5,对比,duìbǐ,compare; to contrast; comparison
5,对待,duìdài,to treat
5,对方,duìfāng,counterpart; the other party involved
5,对手,duìshǒu,opponent; adversary; match
5,对象,duìxiàng,target; object; partner
5,兑换,duìhuàn,to exchange; to convert (currencies)
5,吨,dūn,ton
5,蹲,dūn,to crouch; to squat
5,顿,dùn,pause; arrange; stamp feet
5,多亏,duōkuī,thanks to; luckily
5,多余,duōyú,unnecessary; superfluous
5,朵,duǒ,(mw for flowers and clouds)
5,躲藏,duǒcáng,hide oneself; take cover
5,恶劣,èliè,vile; horrible
5,耳环,ěrhuán,earring
5,发表,fābiǎo,publish; to issue (a statement); announce
5,发愁,fā chóu,worry about sth
5,发达,fādá,"developed (country, etc.); flourishing; prosper"
5,发抖,fādǒu,to shiver; to shudder; tremble
5,发挥,fāhuī,"to bring (skill, talent, etc.) into play; to develop (an idea)"
5,发明,fāmíng,invent
5,发票,fāpiào,receipt or bill for purchase; invoice
5,发言,fāyán,make a speech; statement
5,罚款,fákuǎn,fine; penalty (monetary)
5,法院,fǎyuàn,court of law
5,翻,fān,to turn over; capsize; translate
5,繁荣,fánróng,prosperous; prosperity; booming (economy)
5,反而,fǎn'ér,on the contrary; instead
5,反复,fǎnfù,repeatedly; over and over
5,反应,fǎnyìng,react; respond; reply
5,反映,fǎnyìng,reflect; reflection; report on
5,反正,fǎnzhèng,anyway
5,范围,fànwéi,scope; range; limits
5,方,fāng,square; direction; side
5,方案,fāng'àn,"plan; program (for action, etc.); proposal"
5,方式,fāngshì,way; style; fashion
5,妨碍,fáng'ài,hinder; to hamper; to obstruct
5,仿佛,fǎngfú,to seem as though; as if
5,非,fēi,non-; un-; not be
5,肥皂,féizào,soap
5,废话,fèihuà,nonsense; rubbish
5,分别,fēnbié,distinguish; split up; difference
5,分布,fēnbù,be distributed (over an area); be scattered
5,分配,fēnpèi,distribute; assign; allocate
5,分手,fēnshǒu,part company; break up
5,分析,fēnxī,analyze; analysis
5,纷纷,fēnfēn,one after another; in succession; in profusion
5,奋斗,fèndòu,strive; to struggle
5,风格,fēnggé,style
5,风景,fēngjǐng,scenery; landscape
5,风俗,fēngsú,social custom
5,风险,fēngxiǎn,risk; venture; hazard
5,疯狂,fēngkuáng,crazy; madness; wild
5,讽刺,fěngcì,satirize; ridicule; mock
5,否定,fǒudìng,negate; negative
5,否认,fǒurèn,deny; declare to be untrue
5,扶,fú,to support with hand; to help somebody up
5,服装,fúzhuāng,(formal) clothing; costume; dress
5,幅,fú,"width of cloth; size; (mw for pictures, paintings, textiles)"
5,辅导,fǔdǎo,to coach; to tutor; give advice (in study)
5,妇女,fùnǚ,woman; women in general
5,复制,fùzhì,duplicate; reproduce
5,改革,gǎigé,to reform
5,改进,gǎijìn,improve; make better
5,改善,gǎishàn,improve; make better
5,改正,gǎizhèng,to correct; amend
5,盖,gài,lid; top; cover
5,概括,gàikuò,summarize; generalize
5,概念,gàiniàn,concept; idea
5,干脆,gāncuì,straightforward; clear-cut; blunt
5,干燥,gānzào,"to dry (of paint, cement, etc.); dry; dryness"
5,赶紧,gǎnjǐn,at once; hurriedly; lose no time
5,赶快,gǎnkuài,at once; immediately
5,感激,gǎnjī,appreciate; feel grateful
5,感受,gǎnshòu,feel; experience; emotion
5,感想,gǎnxiǎng,impressions; reflections; thoughts
5,干活儿,gàn huór,do manual labor; to work
5,钢铁,gāngtiě,steel
5,高档,gāodàng,top quality; first rate; high class
5,高级,gāojí,high-level; high-grade; advanced
5,搞,gǎo,do; make; be engaged in
5,告别,gàobié,say goodbye to; to leave; to part
5,格外,géwài,especially; additionally
5,隔壁,gébì,next door
5,个别,gèbié,individual; specific; isolated
5,个人,gèrén,individual; personal; oneself
5,个性,gèxìng,individuality; personality
5,各自,gèzì,each; respective; apiece
5,根,gēn,"root; base; (mw for long, slender objects)"
5,根本,gēnběn,root; essence; fundamental
5,工厂,gōngchǎng,factory
5,工程师,gōngchéngshī,engineer
5,工具,gōngjù,tool; instrument; utensil
5,工人,gōngrén,worker
5,工业,gōngyè,industry
5,公布,gōngbù,make public; announce; publicize
5,公开,gōngkāi,public; make public
5,公平,gōngpíng,fair; impartial; just
5,公寓,gōngyù,apartment building
5,公元,gōngyuán,(year) AD or CE; Christian era; common era
5,公主,gōngzhǔ,princess
5,功能,gōngnéng,function; feature
5,恭喜,gōngxǐ,congratulate
5,贡献,gòngxiàn,contribute; dedicate; contribution
5,沟通,gōutōng,link; connect; communicate
5,构成,gòuchéng,to constitute; to compose
5,姑姑,gūgu,paternal aunt; father's sister
5,姑娘,gūniang,young woman; girl
5,古代,gǔdài,ancient times
5,古典,gǔdiǎn,classical
5,股票,gǔpiào,shares; stock (market)
5,骨头,gǔtou,bone; moral character
5,鼓舞,gǔwǔ,inspire; heartening
5,鼓掌,gǔ zhǎng,applaud
5,固定,gùdìng,fixed; regular; stable
5,挂号,guà hào,register; check into hospital; send by registered mail
5,乖,guāi,(of a child) obedient; well-behaved; clever
5,拐弯,guǎi wān,turn a corner; make a turn
5,怪不得,guài bu de,no wonder; so that's why
5,关闭,guānbì,close; shut
5,观察,guānchá,observe; to watch; to survey
5,观点,guāndiǎn,point of view; standpoint
5,观念,guānniàn,notion; thought; concept
5,官,guān,an official; organ; governmental
5,管子,guǎnzi,tube; pipe; drinking straw
5,冠军,guànjūn,champion
5,光滑,guānghuá,glossy; sleek; smooth
5,光临,guānglín,(polite) welcome!; honor somebody with one's presence
5,光明,guāngmíng,bright (future); promising; illuminate
5,光盘,guāngpán,CD (compact disc)
5,广场,guǎngchǎng,public square; plaza
5,广大,guǎngdà,vast; extensive
5,广泛,guǎngfàn,extensive; wide ranging
5,归纳,guīnà,conclude from the facts; induce; sum up from the facts
5,规矩,guīju,rule; custom
5,规律,guīlǜ,law (e.g. of science); regular pattern; discipline
5,规模,guīmó,scale; scope; extent
5,规则,guīzé,rule; law; regulation
5,柜台,guìtái,counter; bar; front desk
5,滚,gǔn,to roll; get lost; to boil
5,锅,guō,pot; pan; boiler
5,国庆节,Guóqìng Jié,National Day
5,国王,guówáng,king
5,果然,guǒrán,really; sure enough; as expected
5,果实,guǒshí,fruit; gains; results
5,过分,guòfèn,excessive; overly
5,过敏,guòmǐn,be allergic; allergy
5,过期,guòqī,overdue; expire
5,哈,hā,exhale; sip; (sound of laughter)
5,海关,hǎiguān,customs (i.e. border inspection)
5,海鲜,hǎixiān,seafood
5,喊,hǎn,call; cry; shout
5,行业,hángyè,industry; business
5,豪华,háohuá,luxurious
5,好客,hàokè,hospitable; to enjoy having guests
5,好奇,hàoqí,curious
5,合法,héfǎ,lawful; legitimate; legal
5,合理,hélǐ,rational; reasonable
5,合同,hétong,contract
5,合影,héyǐng,joint photo; group photo
5,合作,hézuò,cooperate; collaborate; work together
5,何必,hébì,why should; there is no need to
5,何况,hékuàng,let alone; much less
5,和平,hépíng,peace
5,核心,héxīn,core; nucleus
5,恨,hèn,to hate
5,猴子,hóuzi,monkey
5,后背,hòubèi,back (of the body)
5,后果,hòuguǒ,consequences; aftermath
5,呼吸,hūxī,breathe
5,忽然,hūrán,suddenly; all of a sudden
5,忽视,hūshì,neglect; ignore; to overlook
5,胡说,húshuō,talk nonsense; drivel
5,胡同,hútòng,lane; alley
5,壶,hú,pot; kettle; jug
5,蝴蝶,húdié,butterfly
5,糊涂,hútu,confused; bewildered; muddled
5,花生,huāshēng,peanut
5,划,"huà, huá",delimit; to transfer; assign
5,华裔,Huáyì,person of Chinese descent
5,滑,huá,slippery; cunning; crafty
5,化学,huàxué,chemistry
5,话题,huàtí,subject (of a talk or conversation)
5,怀念,huáiniàn,cherish the memory of; think fondly of
5,怀孕,huáiyùn,become pregnant; have conceived
5,缓解,huǎnjiě,to alleviate
5,幻想,huànxiǎng,delusion; fantasy; illusion
5,慌张,huāngzhāng,flustered; flurried
5,黄金,huángjīn,gold
5,灰,huī,ash; gray (grey); dust
5,灰尘,huīchén,dust; dirt
5,灰心,huī xīn,lose heart; be discouraged
5,挥,huī,to wave; brandish; wield
5,恢复,huīfù,reinstate; resume; recover
5,汇率,huìlǜ,exchange rate
5,婚礼,hūnlǐ,wedding ceremony
5,婚姻,hūnyīn,marriage; matrimony; wedding
5,活跃,huóyuè,active; vigorous
5,火柴,huǒchái,match (for lighting fire)
5,伙伴,huǒbàn,partner (for an activity); friend; pal
5,或许,huòxǔ,perhaps; maybe
5,机器,jīqì,machine
5,肌肉,jīròu,muscle; flesh
5,基本,jīběn,basic; fundamental
5,激烈,jīliè,intense; acute; sharp
5,及格,jí gé,pass an exam
5,极其,jíqí,extremely; exceedingly
5,急忙,jímáng,hastily
5,急诊,jízhěn,emergency call; emergency treatment
5,集合,jíhé,gather; assemble; to muster
5,集体,jítǐ,collective; group
5,集中,jízhōng,concentrate; to focus; amass
5,计算,jìsuàn,to count; calculate; compute
5,记录,jìlù,to record; take notes
5,记忆,jìyì,memory; to remember
5,纪录,jìlù,a record; to take notes
5,纪律,jìlǜ,discipline; morale; laws and regulations
5,纪念,jìniàn,commemorate; remember
5,系领带,jìlǐngdài,tie a neck tie
5,寂寞,jìmò,lonely; lonesome
5,夹子,jiāzi,clip; tongs; folder
5,家庭,jiātíng,family; household
5,家务,jiāwù,household duties; chores; housework
5,家乡,jiāxiāng,hometown
5,嘉宾,jiābīn,honored guest
5,甲,jiǎ,one; armor (1st Heavenly Stem)
5,假如,jiǎrú,if; supposing; in case
5,假设,jiǎshè,suppose that; hypothesis; conjecture
5,假装,jiǎzhuāng,pretend to be; feign
5,价值,jiàzhí,value; worth
5,驾驶,jiàshǐ,"to drive; to pilot (a ship, an airplane, etc.)"
5,嫁,jià,marry (a husband); take a husband
5,坚决,jiānjué,resolute; determined; uncompromising
5,坚强,jiānqiáng,strong; staunch
5,肩膀,jiānbǎng,shoulder
5,艰巨,jiānjù,very difficult; arduous; hard
5,艰苦,jiānkǔ,difficult; hard; arduous
5,兼职,jiānzhí,part time
5,捡,jiǎn,to pick up; collect; gather
5,剪刀,jiǎndāo,scissors
5,简历,jiǎnlì,resume; curriculum vitae
5,简直,jiǎnzhí,simply; at all
5,建立,jiànlì,establish; to construct; to set up
5,建设,jiànshè,to build; to construct; construction
5,建筑,jiànzhù,a building; to construct; architecture
5,健身,jiànshēn,work out; body-building
5,键盘,jiànpán,keyboard
5,讲究,jiǎngjiu,Be particular about; fastidious; stress
5,讲座,jiǎngzuò,a lecture or course of lectures; lecture hall
5,酱油,jiàngyóu,soy sauce
5,交换,jiāohuàn,to exchange; to swap; to switch
5,交际,jiāojì,socialize; social intercourse; communication
5,交往,jiāowǎng,to associate; to contact
5,浇,jiāo,to water; irrigate; to pour
5,胶水,jiāoshuǐ,(watery) glue; gum
5,角度,jiǎodù,angle; point of view
5,狡猾,jiǎohuá,crafty; cunning; sly
5,教材,jiàocái,teaching materials
5,教练,jiàoliàn,(athlete's) coach; sports coach; instructor
5,教训,jiàoxun,lesson; teach someone or learn a lesson; a moral
5,阶段,jiēduàn,stage; phase
5,结实,jiēshi,sturdy; (also -shí: bear fruit)
5,接触,jiēchù,come into contact with
5,接待,jiēdài,receive (a visitor); admit (entry to)
5,接近,jiējìn,near; be close to
5,节省,jiéshěng,save; use sparingly; frugal
5,结构,jiégòu,structure; composition
5,结合,jiéhé,combine; to link; to bind
5,结论,jiélùn,conclusion; verdict
5,结账,jiézhàng,pay the bill; settle accounts
5,戒,jiè,warn against; swear off
5,戒指,jièzhi,(finger) ring
5,届,jiè,arrive at; period; session
5,借口,jièkǒu,excuse
5,金属,jīnshǔ,metal
5,尽快,jǐnkuài,as quickly as possible
5,尽量,jǐnliàng,as much as possible; to the best of one's ability (jìn-: eat or drink to one's fill)
5,紧急,jǐnjí,urgent; pressing
5,谨慎,jǐnshèn,cautious; prudent
5,尽力,jìn lì,do one's best; to strive as much as possible
5,进步,jìnbù,make progress; to advance
5,进口,jìn kǒu,import; entrance; enter
5,近代,jìndài,modern times; latest generation
5,经典,jīngdiǎn,classics; scriptures
5,经商,jīng shāng,trade; be in business; do commerce
5,经营,jīngyíng,"engage in (a business activity, etc.); run/operate (a business)"
5,精力,jīnglì,energy; vigor
5,精神,jīngshen,vigor; spirit; mind
5,酒吧,jiǔbā,bar
5,救,jiù,to save (life); to assist; to rescue
5,救护车,jiùhùchē,ambulance
5,舅舅,jiùjiu,mother's brother; maternal uncle
5,居然,jūrán,unexpectedly; to one's surprise; go so far as to
5,桔子,júzi,tangerine
5,巨大,jùdà,immense; enormous; very large
5,具备,jùbèi,possess; be equipped with
5,具体,jùtǐ,concrete; definite; specific
5,俱乐部,jùlèbù,club (group or organization)
5,据说,jùshuō,it is said that; reportedly
5,捐,juān,to contribute; to donate; to subsribe to
5,决赛,juésài,finals (of a competition); final match
5,决心,juéxīn,determination; resolution
5,角色,juésè,role; part
5,绝对,juéduì,absolute; definite
5,军事,jūnshì,military affairs; military matters
5,均匀,jūnyún,even; well-distributed
5,卡车,kǎchē,truck
5,开发,kāifā,develop; to exploit (a resource)
5,开放,kāifàng,(of flowers) to bloom; open up; to be open-minded
5,开幕式,kāimùshì,opening ceremony
5,开水,kāishuǐ,boiled water; boil water
5,砍,kǎn,to chop; cut down
5,看不起,kàn bu qǐ,look down upon; despise
5,看望,kànwàng,visit; call on; see
5,靠,kào,depend on; lean on; near
5,颗,kē,"(mw for hearts and small, round things like seeds, grains, beans, etc.)"
5,可见,kějiàn,it can clearly be seen that; clear
5,可靠,kěkào,reliable
5,可怕,kěpà,terrible; awful; frightful
5,克,kè,gram; overcome; restrain
5,克服,kèfú,"overcome (hardships, etc.); conquer"
5,刻苦,kèkǔ,hardworking; assiduous
5,客观,kèguān,objective; impartial; unbiased
5,课程,kèchéng,course; curriculum; class
5,空间,kōngjiān,space
5,空闲,kòngxián,leisure; free time; idle
5,控制,kòngzhì,to control
5,口味,kǒuwèi,a person's tastes or preferences
5,夸,kuā,to boast; to praise; exaggerate
5,夸张,kuāzhāng,exaggerate; overstate; exaggerated
5,会计,kuàijì,accountant; accounting
5,宽,kuān,wide; broad; relaxed
5,昆虫,kūnchóng,insect
5,扩大,kuòdà,enlarge; expand
5,辣椒,làjiāo,hot pepper; chili
5,拦,lán,to block; to cut off; hinder
5,烂,làn,overcooked; rotten; soft
5,朗读,lǎngdú,read aloud
5,劳动,láodòng,work; toil; (physical) labor
5,劳驾,láo jià,excuse me
5,老百姓,lǎobǎixìng,ordinary people; the person on the street; civilians
5,老板,lǎobǎn,boss; proprietor; shopkeeper
5,老婆,lǎopó,(informal) wife
5,老实,lǎoshi,honest; sincere; naive
5,老鼠,lǎoshǔ,rat; mouse
5,姥姥,lǎolao,maternal grandmother
5,乐观,lèguān,optimism; hopeful
5,雷,léi,thunder
5,类型,lèixíng,type
5,冷淡,lěngdàn,cold; chill; indifferent
5,厘米,límǐ,centimeter
5,离婚,lí hūn,to divorce; divorced from (one's spouse)
5,梨,lí,pear
5,理论,lǐlùn,theory
5,理由,lǐyóu,a reason; grounds; argument
5,力量,lìliang,power; force; strength
5,立即,lìjí,immediately
5,立刻,lìkè,immediately; at once; right away
5,利润,lìrùn,profit
5,利息,lìxī,interest (on a loan)
5,利益,lìyì,benefit; (in sb.'s) interest
5,利用,lìyòng,to use; to make use of; to exploit
5,连忙,liánmáng,promptly; at once
5,连续,liánxù,continually; in a row; successively
5,联合,liánhé,alliance; combine; unite
5,恋爱,liàn'ài,romantic love; be in love; love affair
5,良好,liánghǎo,good; favorable; well
5,粮食,liángshi,grain; food; cereals
5,亮,liàng,bright; light; shiny
5,了不起,liǎobuqǐ,incredible; extraordinary; great
5,列车,lièchē,train (railway term)
5,临时,línshí,temporary; at the time; when the time comes
5,灵活,línghuó,flexible; nimble; agile
5,铃,líng,bell
5,零件,língjiàn,spare parts; component
5,零食,língshí,snack
5,领导,lǐngdǎo,to lead; leader; leadership
5,领域,lǐngyù,domain; sphere; field
5,浏览,liúlǎn,browse; glance over; skim through
5,流传,liúchuán,to spread; circulate; hand down
5,流泪,liúlèi,shed tears
5,龙,lóng,dragon
5,漏,lòu,to leak; to funnel; to let out
5,陆地,lùdì,land; dry land (as opposed to the sea)
5,陆续,lùxù,in turn; successively; one after another
5,录取,lùqǔ,recruit; enroll; matriculate
5,录音,lùyīn,sound recording; to record
5,轮流,lúnliú,to alternate; take turns; rotate
5,论文,lùnwén,thesis; paper; treatise
5,逻辑,luóji,logic
5,落后,luòhòu,backward; to lag (in technology); to fall behind
5,骂,mà,scold; curse; condemn
5,麦克风,màikèfēng,microphone
5,馒头,mántou,steamed bun/roll
5,满足,mǎnzú,satisfy; meet (the needs of)
5,毛病,máobìng,fault; bad habit; shortcoming
5,矛盾,máodùn,contradiction; conflict
5,冒险,màoxiǎn,take a risk; take chances
5,贸易,màoyì,(commercial) trade
5,眉毛,méimao,eyebrow
5,媒体,méitǐ,(news) media; medium
5,煤炭,méitàn,coal
5,美术,měishù,the fine arts; art
5,魅力,mèilì,charm; glamour; enchantment
5,梦想,mèngxiǎng,dream of; wishful thinking
5,秘密,mìmì,a secret; confidential
5,秘书,mìshu,secretary
5,密切,mìqiè,close; familiar; intimate
5,蜜蜂,mìfēng,bee; honeybee
5,面对,miànduì,to face; confront
5,面积,miànjī,(surface) area
5,面临,miànlín,be faced with; be up against
5,苗条,miáotiao,slim; slender
5,描写,miáoxiě,to describe; to depict; to portray
5,敏感,mǐngǎn,sensitive; susceptible
5,名牌,míngpái,famous brand; name brand
5,名片,míngpiàn,business card
5,名胜古迹,míngshènggǔjì,famous scenic spots and ancient historic sites
5,明确,míngquè,clear-cut; clearly; clarify
5,明显,míngxiǎn,clear; obvious
5,明星,míngxīng,"(movie, etc.) star; celebrity"
5,命令,mìnglìng,an order; a command
5,命运,mìngyùn,fate; destiny
5,摸,mō,to touch; to stroke; fish out
5,模仿,mófǎng,imitate; to copy
5,模糊,móhu,vague; indistinct; fuzzy
5,模特,mótè,(fashion) model
5,摩托车,mótuōchē,motorcycle; motorbike
5,陌生,mòshēng,strange; unfamiliar
5,某,mǒu,a certain; some
5,木头,mùtou,wood; log; timber
5,目标,mùbiāo,target; goal; objective
5,目录,mùlù,catalog; table of contents; directory (on computer hard drive)
5,目前,mùqián,at present; now; for the moment
5,哪怕,nǎpà,even (if/though); no matter how
5,难怪,nánguài,no wonder
5,难免,nánmiǎn,hard to avoid; difficult to escape from
5,脑袋,nǎodai,head; mental capability; brains
5,内部,nèibù,"internal; interior; inside (part, section)"
5,内科,nèikē,internal medicine
5,嫩,nèn,tender; inexperienced
5,能干,nénggàn,capable; competent
5,能源,néngyuán,energy resources; power source
5,嗯,ēn,"(interjection expressing what?, huh? hmm? why? ok, etc.)"
5,年代,niándài,decade; era
5,年纪,niánjì,age
5,念,niàn,read aloud; to study; to miss or think of somebody
5,宁可,nìngkě,would rather; it is the lesser of two evils to
5,牛仔裤,niúzǎikù,jeans; cowboy pants
5,农村,nóngcūn,rural area; countryside
5,农民,nóngmín,peasant
5,农业,nóngyè,agriculture; farming
5,浓,nóng,concentrated; dense
5,女士,nǚshì,lady; madam
5,欧洲,Ōuzhōu,Europe
5,偶然,ǒurán,accidentally; occasional; fortuitous
5,拍,pāi,"to clap; to pat; to shoot (pictures, a film)"
5,派,pài,dispatch; (mw for political groups; schools of thought
5,盼望,pànwàng,to hope for; look forward to
5,培训,péixùn,cultivate; train
5,培养,péiyǎng,to train; cultivate; bring up
5,赔偿,péicháng,compensate; pay for somebody else's loss
5,佩服,pèifu,admire; to respect
5,配合,pèihé,be harmoniously combined or arranged; matching; fitting in with
5,盆,pén,basin; (flower) pot
5,碰,pèng,to touch; to bump; to encounter
5,批,pī,criticize; to comment; wholesale
5,批准,pīzhǔn,approve; ratify
5,披,pī,drape over one's shoulders; split open; open
5,疲劳,píláo,fatigue; wearily; weariness
5,匹,pǐ,"ordinary person; (mw for horses, bolt of cloth)"
5,片,"piàn, piān",(mw for pieces of things); a slice; a flake
5,片面,piànmiàn,one-sided; unilateral
5,飘,piāo,to float; flutter
5,拼音,pīnyīn,pinyin; phonetic writing
5,频道,píndào,frequency; (television) channel
5,平,píng,flat; level; equal
5,平安,píng'ān,safe and sound
5,平常,píngcháng,ordinary; usually; common
5,平等,píngděng,equal; equality
5,平方,píngfāng,"square (as in square foot, square mile, etc.)"
5,平衡,pínghéng,balance; balanced; equilibrium
5,平静,píngjìng,calm; peaceful; tranquil
5,平均,píngjūn,average; to share equally
5,评价,píngjià,to evaluate
5,凭,píng,lean against; evidence; proof
5,迫切,pòqiè,urgent; pressing
5,破产,pò chǎn,go bankrupt; go broke; bankruptcy
5,破坏,pòhuài,destroy; destruction; to wreck
5,期待,qīdài,look forward to; await; expectation
5,期间,qījiān,period of time; time
5,其余,qíyú,the others; the rest; remaining
5,奇迹,qíjì,miracle; miraculous; marvel
5,企业,qǐyè,company; business; firm
5,启发,qǐfā,enlighten; inspire
5,气氛,qìfēn,atmosphere; mood; ambience
5,汽油,qìyóu,gasoline; gas; petrol
5,谦虚,qiānxū,modest
5,签,qiān,bamboo used for drawing lots; toothpick; to sign (one's name)
5,前途,qiántú,future; prospects; outlook (for the future)
5,浅,qiǎn,shallow; simple; superficial
5,欠,qiàn,yawn; to lack; owe
5,枪,qiāng,gun; spear
5,强调,qiángdiào,emphasize; to stress
5,强烈,qiángliè,intense; strong; violent
5,墙,qiáng,wall
5,抢,"qiǎng, qiāng",fight over; vie for; grab
5,悄悄,qiāoqiāo,quietly
5,瞧,qiáo,look at; see (colloquial)
5,巧妙,qiǎomiào,ingenious; clever
5,切,"qiē, qiè",to cut; to chop; correspond to
5,亲爱,qīn'ài,"beloved; Dear ... (a way of starting a letter lovers, intimate friends or close relatives)"
5,亲切,qīnqiè,kind; amiable; cordial
5,亲自,qīnzì,personally
5,勤奋,qínfèn,hardworking; diligent; industrious
5,青,qīng,blue; green; young
5,青春,qīngchūn,youth; youthfulness; fresh spring
5,青少年,qīngshàonián,teenager
5,轻视,qīngshì,contempt; to scorn; scornful
5,轻易,qīngyì,easily; lightly; rashly
5,清淡,qīngdàn,"light (of food, not greasy or strongly flavored); insipid; slack (sales)"
5,情景,qíngjǐng,scene; sight; circumstances
5,情绪,qíngxù,emotion; sentiment; mood
5,请求,qǐngqiú,to request; ask
5,庆祝,qìngzhù,celebrate
5,球迷,qiúmí,"fan (of ball games: basketball, football, etc.)"
5,趋势,qūshì,trend; tendency
5,取消,qǔxiāo,cancel; cancellation; abolish
5,娶,qǔ,marry (a wife); take a wife
5,去世,qùshì,pass away; die
5,圈,quān,"circle; ring; (mw for loops, orbits, etc.)"
5,权力,quánlì,power; authority
5,权利,quánlì,right; privilege
5,全面,quánmiàn,all-around; comprehensive; fully
5,劝,quàn,advise; to urge; persuade
5,缺乏,quēfá,shortage; to lack; be short of
5,确定,quèdìng,definite; certain; fixed
5,确认,quèrèn,confirm; confirmation; verify
5,群,qún,"crowd; group; (mw for groups, flocks, or swarms)"
5,燃烧,ránshāo,combustion; burn; kindle
5,绕,rào,to wind; to coil; move round
5,热爱,rè'ài,love ardently; adore; passion
5,热烈,rèliè,warm; enthusiastic
5,热心,rèxīn,enthusiastic; zealous; warmhearted
5,人才,réncái,talent; talented person
5,人口,rénkǒu,population; the populace
5,人类,rénlèi,humanity; human race; mankind
5,人民币,rénmínbì,(currency) renminbi (RMB)
5,人生,rénshēng,human life
5,人事,rénshì,personnel
5,人物,rénwù,"figure; personage; character (in a play, story, etc.)"
5,人员,rényuán,staff; crew; personnel
5,忍不住,rěn bu zhù,cannot help but; unable to bear
5,日常,rìcháng,daily; everyday
5,日程,rìchéng,schedule; itinerary
5,日历,rìlì,calendar
5,日期,rìqī,date
5,日用品,rìyòngpǐn,daily necessities
5,日子,rìzi,days; date; time
5,如何,rúhé,how; what; what way
5,如今,rújīn,nowadays
5,软,ruǎn,soft
5,软件,ruǎnjiàn,(computer) software
5,弱,ruò,weak; feeble; young
5,洒,sǎ,to sprinkle; to spray; to spill
5,嗓子,sǎngzi,throat; voice
5,色彩,sècǎi,tint; color; hue
5,杀,shā,to kill; to murder
5,沙漠,shāmò,desert
5,沙滩,shātān,sand bar; sand beach
5,傻,shǎ,foolish; fool
5,晒,shài,to dry in the sun; shine upon; to sun
5,删除,shānchú,to delete
5,闪电,shǎndiàn,lightning
5,扇子,shànzi,fan (for waving)
5,善良,shànliáng,good and honest; kind-hearted
5,善于,shànyú,be good at; excel at
5,伤害,shānghài,injure; to harm; wound
5,商品,shāngpǐn,goods; commodity; merchandise
5,商务,shāngwù,business; commercial affairs
5,商业,shāngyè,business; commerce; trade
5,上当,shàng dàng,be fooled; be duped; be taken in
5,蛇,shé,snake; serpent
5,舍不得,shěbude,hate to part with; begrudge doing something
5,设备,shèbèi,equipment; facilities; installations
5,设计,shèjì,plan; design
5,设施,shèshī,facilities; installation
5,射击,shèjī,to shoot; to fire (a gun)
5,摄影,shè yǐng,take a photograph; shoot a film
5,伸,shēn,to stretch; extend
5,身材,shēncái,stature; figure; build
5,身份,shēnfèn,identity; status; dignity
5,深刻,shēnkè,profound; deep
5,神话,shénhuà,mythology; fairy tale
5,神秘,shénmì,mysterious; mystical
5,升,shēng,rise; hoist; promote
5,生产,shēngchǎn,to produce; manufacture; give birth to a child
5,生动,shēngdòng,vivid; lively
5,生长,shēngzhǎng,grow; grow up
5,声调,shēngdiào,tone; note
5,绳子,shéngzi,cord; string; rope
5,省略,shěnglüè,to omit; to leave out; abbreviate
5,胜利,shènglì,victory; triumph
5,失眠,shīmián,lose sleep; insomnia
5,失去,shīqù,"to lose (time, an opportunity, work, etc.)"
5,失业,shī yè,lose one's job; unemployment
5,诗,shī,poem; poetry; verse
5,狮子,shīzi,lion
5,湿润,shīrùn,moist; humid
5,石头,shítou,stone; rock
5,时差,shíchā,jetlag; time difference
5,时代,shídài,age; era; period
5,时刻,shíkè,moment; constantly
5,时髦,shímáo,fashionable
5,时期,shíqī,period in time or history; period; time
5,时尚,shíshàng,fashion; fad
5,实话,shíhuà,truth
5,实践,shíjiàn,practice; put into practice; carry out
5,实习,shíxí,to practice; field work; work as an intern
5,实现,shíxiàn,achieve; to implement
5,实验,shíyàn,experiment; test
5,实用,shíyòng,practical; pragmatic; functional
5,食物,shíwù,food
5,使劲儿,shǐjìnr,exert all one's strength
5,始终,shǐzhōng,from beginning to end; all along
5,士兵,shìbīng,soldier
5,市场,shìchǎng,market
5,似的,shìde,seems as if; rather like
5,事实,shìshí,fact; in fact
5,事物,shìwù,thing; object
5,事先,shìxiān,in advance; beforehand; prior
5,试卷,shìjuàn,exam paper; test paper
5,收获,shōuhuò,harvest; acquisition; gain
5,收据,shōujù,receipt
5,手工,shǒugōng,hand-made; handicraft; manual
5,手术,shǒushù,surgery; operation
5,手套,shǒutào,glove; mitten
5,手续,shǒuxù,formalities; procedure
5,手指,shǒuzhǐ,finger
5,首,shǒu,head; chief; first
5,寿命,shòumìng,life span; life expectancy
5,受伤,shòu shāng,"sustain injuries (in an accident, etc.); be injured"
5,书架,shūjià,bookshelf
5,梳子,shūzi,comb; hairbrush
5,舒适,shūshì,cozy; comfortable; snug
5,输入,shūrù,input; enter; import
5,蔬菜,shūcài,vegetables; produce
5,熟练,shúliàn,practiced; proficient; skilled
5,属于,shǔyú,belong to; be part of
5,鼠标,shǔ biāo,mouse (computer)
5,数,"shù, shǔ",number; to count; to rank
5,数据,shùjù,data; numbers; digital
5,数码,shùmǎ,numeral; number; amount
5,摔倒,shuāidǎo,fall down; slip and fall; tumble
5,甩,shuǎi,to throw; to fling; to swing
5,双方,shuāngfāng,bilateral; both sides; both parties involved
5,税,shuì,tax
5,说不定,shuōbudìng,can't say for sure; perhaps; maybe
5,说服,shuō fú,persuade; convince
5,丝绸,sīchóu,silk
5,丝毫,sīháo,the slightest amount or degree; a very little bit
5,私人,sīrén,private (citizen); personal; individual
5,思考,sīkǎo,reflect on; ponder; consider
5,思想,sīxiǎng,thought; thinking; idea
5,撕,sī,to tear (something)
5,似乎,sìhū,it seems; as if; seemingly
5,搜索,sōusuǒ,search; look for something; scour
5,宿舍,sùshè,dormitory; living quarters; hostel
5,随身,suíshēn,carry on one's person; bring with one
5,随时,suíshí,at any time; whenever necessary
5,随手,suíshǒu,convenient; without extra trouble
5,碎,suì,broken; break into pieces
5,损失,sǔnshī,loss (financial); lose
5,缩短,suōduǎn,shorten; cut down; curtail
5,所,suǒ,"place; that which; (mw for houses, buildings)"
5,锁,suǒ,lock
5,台阶,táijiē,flight of steps; sidestep; fig. way out of an embarrassing situation
5,太极拳,tàijíquán,"Tai chi, a Chinese martial art"
5,太太,tàitai,wife; married woman; Madame
5,谈判,tánpàn,negotiate; negotiation; conference
5,坦率,tǎnshuài,frank
5,烫,tàng,to scald; to burn; scalding hot
5,逃,táo,to escape; run away; flee
5,逃避,táobì,to escape; evade; shirk
5,桃,táo,peach
5,淘气,táoqì,naughty; bad
5,讨价还价,tǎo jià huán jià,bargaining; haggling over price
5,套,tào,cover; (mw for sets of things); tie together
5,特色,tèsè,characteristic; distinguishing feature
5,特殊,tèshū,special; particular; extraordinary
5,特征,tèzhēng,characteristics; distinctive features; trait
5,疼爱,téng ài,love dearly; be very fond of
5,提倡,tíchàng,promote; to advocate; proposal
5,提纲,tígāng,outline; the key point
5,提问,tíwèn,put questions to; to quiz
5,题目,tímù,subject; title; topic
5,体会,tǐhuì,know from experience; learn through experience; realize
5,体贴,tǐtiē,show consideration for; thoughtful
5,体现,tǐxiàn,embody; incarnate; reflect
5,体验,tǐyàn,experience for oneself; to personally experience (usually a kind of life)
5,天空,tiānkōng,sky; space; heavens
5,天真,tiānzhēn,naïve; innocent; artless
5,调皮,tiáopí,naughty; mischievous; unruly
5,调整,tiáozhěng,adjustment; revision
5,挑战,tiǎozhàn,challenge
5,通常,tōngcháng,regular; usual; normal
5,统一,tǒngyī,unify; unite; integrate
5,痛苦,tòngkǔ,pain; suffering; agony
5,痛快,tòngkuai,joyful; delighted; very happy
5,偷,tōu,steal; pilfer
5,投入,tóurù,put into operation; throw into; to invest
5,投资,tóu zī,investment
5,透明,tòumíng,transparent; open (non-secretive)
5,突出,tūchū,prominent; stand out; give prominence to
5,土地,tǔdì,land; territory; soil
5,土豆,tǔdòu,potato
5,吐,"tǔ, tù",to spit; to vomit; throw up
5,兔子,tùzi,rabbit; hare
5,团,tuán,round; ball; group
5,推辞,tuīcí,to decline; turn down
5,推广,tuīguǎng,popularize; to spread
5,推荐,tuījiàn,recommend; recommendation
5,退,tuì,to retreat; decline; withdraw
5,退步,tuìbù,to degenerate; to regress
5,退休,tuìxiū,retirement (from work); retire
5,歪,wāi,askew; crooked; devious
5,外公,wàigōng,maternal grandfather
5,外交,wàijiāo,diplomacy; foreign affairs
5,完美,wánměi,perfect
5,完善,wánshàn,perfect; make perfect; improve
5,完整,wánzhěng,complete; intact
5,玩具,wánjù,plaything; toy
5,万一,wànyī,just in case; if by any chance
5,王子,wángzǐ,prince; son of a king
5,网络,wǎngluò,network
5,往返,wǎngfǎn,go back and forth; go to and fro
5,危害,wēihài,endanger; jeopardize; to harm
5,威胁,wēixié,threaten; to menace
5,微笑,wēixiào,smile
5,违反,wéifǎn,violate (a law)
5,围巾,wéijīn,scarf; shawl
5,围绕,wéirào,revolve around; center on (an issue)
5,唯一,wéiyī,only; sole
5,维修,wéixiū,maintain (of equipment); to mend; repair
5,伟大,wěidà,great; mighty; large
5,尾巴,wěiba,tail
5,委屈,wěiqu,feel wronged; nurse a grievance
5,未必,wèibì,not necessarily; need not
5,未来,wèilái,future
5,位于,wèiyú,be located at
5,位置,wèizhi,position; place; seat
5,胃,wèi,stomach
5,胃口,wèikǒu,appetite
5,温暖,wēnnuǎn,warm
5,温柔,wēnróu,gentle and soft; tender; gentle
5,文件,wénjiàn,document; file
5,文具,wénjù,stationery; writing supplies
5,文明,wénmíng,civilization; civilized; culture
5,文学,wénxué,literature
5,文字,wénzì,characters; script; writing
5,闻,wén,hear; to smell; news
5,吻,wěn,kiss; lips
5,稳定,wěndìng,stable; steady
5,问候,wènhòu,send a greeting; send one's regards to
5,卧室,wòshì,bedroom
5,握手,wò shǒu,to shake hands
5,屋子,wūzi,room; house
5,无奈,wúnài,can't help but; have no choice
5,无数,wúshù,countless; innumerable
5,无所谓,wúsuǒwèi,doesn't matter; be indifferent
5,武术,wǔshù,martial arts
5,勿,wù,not; do not
5,物理,wùlǐ,physics; physical
5,物质,wùzhì,matter; substance; material
5,雾,wù,fog; mist
5,吸取,xīqǔ,absorb; assimilate
5,吸收,xīshōu,absorb; ingest
5,戏剧,xìjù,drama; play; theater
5,系,"xì, jì",be; relate to; system
5,系统,xìtǒng,system
5,细节,xìjié,details; particulars
5,瞎,xiā,blind
5,下载,xiàzǎi,to download
5,吓,xià,frighten; to scare; intimidate
5,夏令营,xiàlìngyíng,summer camp
5,鲜艳,xiānyàn,bright-colored
5,显得,xiǎnde,appear; seem; to look
5,显然,xiǎnrán,clear; evidently; obviously
5,显示,xiǎnshì,"display, illustrate, to show"
5,县,xiàn,county; district
5,现代,xiàndài,modern times; modern age
5,现实,xiànshí,reality; actuality; practical
5,现象,xiànxiàng,appearance; phenomenon
5,限制,xiànzhì,restrictions; to limit; to bound
5,相处,xiāngchǔ,get along; interact
5,相当,xiāngdāng,equivalent to; appropriate; considerably
5,相对,xiāngduì,opposite; relatively; to resist
5,相关,xiāngguān,correlation; interrelated; dependence
5,相似,xiāngsì,similar; resemble; like
5,香肠,xiāngcháng,sausage
5,享受,xiǎngshòu,enjoy
5,想念,xiǎngniàn,to miss; remember with longing; long to see again
5,想象,xiǎngxiàng,imagine; visualize
5,项,xiàng,nape (of the neck); sum (of money); mw item
5,项链,xiàngliàn,necklace
5,项目,xiàngmù,program; item; project
5,象棋,xiàngqí,chess; Chinese chess
5,象征,xiàngzhēng,symbol; symbolize; signify
5,消费,xiāofèi,consumption; spending
5,消化,xiāohuà,to digest
5,消极,xiāojí,passive; negative; demoralized
5,消失,xiāoshī,disappear; fade away; dissolve
5,销售,xiāoshòu,to sell; to market; sales
5,小麦,xiǎomài,wheat
5,小气,xiǎoqì,stingy; petty
5,孝顺,xiàoshùn,filial piety
5,效率,xiàolǜ,efficiency
5,歇,xiē,to rest; to go to bed; to take a break
5,斜,xié,slanting; tilted
5,写作,xiězuò,writing; composition; written works
5,血,xuè,blood
5,心理,xīnlǐ,psychology; psychological; mental
5,心脏,xīnzàng,heart
5,欣赏,xīnshǎng,appreciate; enjoy; admire
5,信号,xìnhào,signal
5,信任,xìnrèn,to trust; have confidence in
5,行动,xíngdòng,to move; get around; action
5,行人,xíngrén,pedestrian
5,行为,xíngwéi,action; behavior; conduct
5,形成,xíngchéng,take shape; form
5,形容,xíngróng,describe; appearance; look
5,形式,xíngshì,form; shape; situation
5,形势,xíngshì,circumstances; situation; terrain
5,形象,xíngxiàng,image; form; figure
5,形状,xíngzhuàng,form; figure; shape
5,幸亏,xìngkuī,fortunately; luckily
5,幸运,xìngyùn,luck; fortune
5,性质,xìngzhì,nature; characteristic; quality
5,兄弟,xiōngdì,brothers; younger brother; brethren
5,胸,xiōng,chest; bosom; heart
5,休闲,xiūxián,recreation; leisure
5,修改,xiūgǎi,amend; modify; revise
5,虚心,xūxīn,modest; open-minded
5,叙述,xùshù,retell; narrate
5,宣布,xuānbù,announce; declare; proclaim
5,宣传,xuānchuán,propaganda; to propagate; to give publicity to
5,学历,xuélì,educational background; school record
5,学术,xuéshù,learning; science; academic
5,学问,xuéwen,learning; knowledge
5,寻找,xúnzhǎo,seek; look for; quest
5,询问,xúnwèn,inquire about
5,训练,xùnliàn,to train; to drill; to exercise
5,迅速,xùnsù,fast; quick; rapid
5,押金,yājīn,security deposit; down payment
5,牙齿,yáchǐ,tooth
5,延长,yáncháng,extend; prolong; lengthen
5,严肃,yánsù,solemn; serious; earnest
5,演讲,yǎnjiǎng,give a lecture; make a speech
5,宴会,yànhuì,banquet; feast; dinner party
5,阳台,yángtái,balcony
5,痒,yǎng,to itch; itchy
5,样式,yàngshì,type; style; form
5,腰,yāo,waist; lower back; pocket
5,摇,yáo,to shake; to rock
5,咬,yǎo,to bite; to nip
5,要不,yàobù,otherwise; or else; how about
5,业务,yèwù,business; profession
5,业余,yèyú,spare time; amateur
5,夜,yè,night; darkness
5,一辈子,yíbèizi,(for) a lifetime; all one's life
5,一旦,yídàn,in case (something happens); once (sth. has happened ... then); in one day
5,一律,yílǜ,same; uniformly; all
5,一再,yízài,repeatedly; again and again
5,一致,yízhì,unanimous; identical (views or opinions); consistent
5,依然,yīrán,still; as before
5,移动,yídòng,to move
5,移民,yímín,immigrate; emigrate; migrate
5,遗憾,yíhàn,regret; pity; sorry
5,疑问,yíwèn,doubt; question; to query
5,乙,yǐ,two; twist (2nd Heavenly Stem)
5,以及,yǐjí,as well as; too; (formal) and
5,以来,yǐlái,since (a previous event)
5,亿,yì,"one hundred million (100,000,000)"
5,义务,yìwù,duty; obligation; volunteer duty
5,议论,yìlùn,discuss; to comment; talk about
5,意外,yìwài,unexpected; accident; mishap
5,意义,yìyì,meaning; significance
5,因而,yīn'ér,therefore; as a result; thus
5,因素,yīnsù,element; factor
5,银,yín,silver (the element)
5,印刷,yìnshuā,print
5,英俊,yīngjùn,handsome
5,英雄,yīngxióng,hero
5,迎接,yíngjiē,meet; greet; to welcome
5,营养,yíngyǎng,nutrition; nourishment; sustenance
5,营业,yíngyè,do business; to trade
5,影子,yǐngzi,shadow; reflection
5,应付,yìngfu,to cope with; deal with; handle
5,应用,yìngyòng,to apply; to use; application
5,硬,yìng,hard; stiff; obstinately
5,硬件,yìngjiàn,hardware
5,拥抱,yōngbào,embrace; to hug
5,拥挤,yōngjǐ,to crowd; to push; to squeeze
5,勇气,yǒngqì,courage; valor
5,用功,yòng gōng,diligent; industrious; hardworking
5,用途,yòngtú,use; application; purpose
5,优惠,yōuhuì,preferential; favorable
5,优美,yōuměi,graceful; fine; elegant
5,优势,yōushì,advantage; superiority; dominant position
5,悠久,yōujiǔ,established; long; longstanding
5,犹豫,yóuyù,hesitate; hesitant; undecided
5,油炸,yóuzhá,deep fry
5,游览,yóulǎn,go sight-seeing; tour
5,有利,yǒulì,advantageous; beneficial
5,幼儿园,yòu'éryuán,kindergarten; nursery school
5,娱乐,yúlè,entertain; amuse; entertainment
5,与其,yǔqí,rather than; better than
5,语气,yǔqì,tone; manner of speaking; mood
5,玉米,yùmǐ,corn; maize
5,预报,yùbào,to predict; forecast
5,预订,yùdìng,place an order; book ahead; subscribe for
5,预防,yùfáng,prevent; take precautions against
5,元旦,yuándàn,New Year's Day
5,员工,yuángōng,employee; staff; personnel
5,原料,yuánliào,raw material; ingredients
5,原则,yuánzé,principle; doctrine
5,圆,yuán,round; circular; formal unit of Chinese currency
5,愿望,yuànwàng,desire; wish; aspiration
5,乐器,yuèqì,musical instrument
5,晕,yūn,dizzy; to fain
5,运气,yùnqi,luck
5,运输,yùnshū,transport; transportation
5,运用,yùnyòng,to use; apply
5,灾害,zāihài,disaster; calamity
5,再三,zàisān,over and over again; repeatedly
5,在乎,zàihu,care about; be determined by; to mind
5,在于,zàiyú,lie in; be in; rest with
5,赞成,zànchéng,approve; endorse
5,赞美,zànměi,admire; applause; to praise
5,糟糕,zāogāo,terrible; too bad; how terrible
5,造成,zàochéng,to cause; make; bring out
5,则,zé,standard; regulation; however
5,责备,zébèi,to blame; criticize (sb.); accuse
5,摘,zhāi,"to pick (flowers, fruit, etc.); to pluck; to take"
5,窄,zhǎi,narrow; petty; hard-up
5,粘贴,zhāntiē,to paste
5,展开,zhǎn kāi,spread out; unfold; carry out
5,展览,zhǎnlǎn,put on display; to exhibit; exhibition
5,占,zhàn,occupy; seize; to constitute
5,战争,zhànzhēng,war; conflict
5,长辈,zhǎngbèi,an elder; an elder generation
5,涨,"zhǎng, zhàng","to rise (of prices, rivers); to go up; to swell"
5,掌握,zhǎngwò,to grasp; to master; to control
5,账户,zhànghù,bank account
5,招待,zhāodài,receive (guests); entertain; reception
5,着火,zháohuǒ,catch fire; ignite
5,着凉,zháo liáng,catch a cold
5,召开,zhàokāi,convene (a conference or meeting); call together
5,照常,zhàocháng,as usual; normal
5,哲学,zhéxué,philosophy
5,针对,zhēnduì,in connection with; directed towards
5,珍惜,zhēnxī,to treasure; cherish; to value
5,真实,zhēnshí,true; real; authentic
5,诊断,zhěnduàn,diagnosis; diagnose
5,阵,zhèn,short period; disposition of troops; wave
5,振动,zhèndòng,vibrate; vibration
5,争论,zhēnglùn,argue; to dispute; contend
5,争取,zhēngqǔ,fight for; compete for; strive
5,征求,zhēngqiú,solicit; seek; ask for
5,睁,zhēng,to open (eyes)
5,整个,zhěnggè,whole; entire; total
5,整齐,zhěngqí,tidy; neat; in good order
5,整体,zhěngtǐ,whole; entirety
5,正,zhèng,straight; currently; correct
5,证件,zhèngjiàn,paperwork; credentials; papers
5,证据,zhèngjù,evidence; proof; testimony
5,政府,zhèngfǔ,government
5,政治,zhèngzhì,politics
5,挣,"zhèng, zhēng",to earn; to struggle
5,支,zhī,branch; support; put up
5,支票,zhīpiào,(bank) check
5,执照,zhízhào,a license; a permit
5,直,zhí,straight; vertical; frank
5,指导,zhǐdǎo,to guide; give directions
5,指挥,zhǐhuī,to command; to conduct; commander
5,至今,zhì jīn,up to now; so far
5,至于,zhìyú,as for; go so far as to
5,志愿者,zhìyuànzhě,volunteer
5,制定,zhìdìng,formulate; lay down (a plan or policy); to draft
5,制度,zhìdù,system; institution
5,制造,zhìzào,manufacture; make
5,制作,zhìzuò,make; manufacture
5,治疗,zhìliáo,to treat; to cure; medical treatment
5,秩序,zhìxù,order; sequence
5,智慧,zhìhuì,wisdom; knowledge
5,中介,zhōngjiè,agent; act as an intermediary
5,中心,zhōngxīn,center; heart; core
5,中旬,zhōngxún,middle third of a month
5,种类,zhǒnglèi,kind; category; class
5,重大,zhòngdà,great; important; major
5,重量,zhòngliàng,weight
5,周到,zhōudào,thoughtful; considerate; thorough
5,猪,zhū,pig
5,竹子,zhúzi,bamboo
5,逐步,zhúbù,step by step; gradually
5,逐渐,zhújiàn,gradually; by degrees
5,主持,zhǔchí,preside over; manage; to direct
5,主动,zhǔdòng,to take initiative; voluntary
5,主观,zhǔguān,subjective
5,主人,zhǔrén,master; host; owner
5,主任,zhǔrèn,director; head; chief
5,主题,zhǔtí,theme; subject; topic
5,主席,zhǔxí,chairperson; president
5,主张,zhǔzhāng,to advocate; viewpoint; position
5,煮,zhǔ,to boil; to cook
5,注册,zhùcè,register; registration; enroll
5,祝福,zhùfú,blessings; wish well
5,抓,zhuā,to carry in your hand holding strongly; catch; arrest
5,抓紧,zhuā jǐn,to grasp firmly; to pay close or special attention to; to rush in
5,专家,zhuānjiā,expert; specialist
5,专心,zhuānxīn,be absorbed; concentrate; attentive
5,转变,zhuǎnbiàn,to change; to transform
5,转告,zhuǎngào,pass on; to communicate; to transmit
5,装,zhuāng,to load; dress up; pretend
5,装饰,zhuāngshì,decorate
5,装修,zhuāngxiū,renovate; to fit up
5,状况,zhuàngkuàng,condition; state; situation
5,状态,zhuàngtài,state of affairs; condition; state
5,撞,zhuàng,to hit; collide; run into
5,追,zhuī,pursue; chase
5,追求,zhuīqiú,pursue; seek
5,咨询,zīxún,request information; consultant; advisory
5,姿势,zīshì,posture; position; pose
5,资格,zīgé,qualifications; seniority
5,资金,zījīn,funds; funding
5,资料,zīliào,data; material; resources
5,资源,zīyuán,natural resource; resource
5,紫,zǐ,purple
5,自从,zìcóng,since; ever since
5,自动,zìdòng,automatic
5,自豪,zìháo,(feel a sense of) pride
5,自觉,zìjué,conscious; be aware of; self-motivated
5,自私,zìsī,selfish
5,自由,zìyóu,freedom; free; liberty
5,自愿,zìyuàn,voluntary
5,字母,zìmǔ,letter (of the alphabet)
5,字幕,zìmù,subtitles; captions
5,综合,zōnghé,synthesized; composite; summarize
5,总裁,zǒngcái,director-general; president
5,总共,zǒnggòng,altogether; in sum; in all
5,总理,zǒnglǐ,premier; prime minister
5,总算,zǒngsuàn,at long last; finally; on the whole
5,总统,zǒngtǒng,president (of a country)
5,总之,zǒngzhī,in a word; in short; in brief / anyway
5,阻止,zǔzhǐ,prevent; to block
5,组,zǔ,compose; team up; group
5,组成,zǔchéng,to form; part; element
5,组合,zǔhé,assemble; combination
5,组织,zǔzhī,organize; organization
5,最初,zuìchū,first; primary; initial
5,醉,zuì,intoxicated; become drunk
5,尊敬,zūnjìng,respect; revere
5,遵守,zūnshǒu,observe; abide by; comply with
5,作品,zuòpǐn,works (of literature and art)
5,作为,zuòwéi,regard as; act as; action
5,作文,zuò wén,write an essay; essay
